,Name,ID,Frequency,Amplitude,Solution,Residual,Independent,Other_Solutions
0,f1,1,11.070402939017269,0.0016326898272068984,,,True,
1,f2,2,11.624516355150286,0.001649991340626612,,,True,
2,f3,3,1.1972172095893272,0.001605352618468345,,,True,
3,f4,4,12.795191763381382,0.0014963781356639757,,,True,
4,f5,5,12.795191761494767,0.0029927565192364998,f5 =   f4,1.886615308421824e-09,False,
5,f6,6,12.795629720724783,0.005971007661883883,f6 =   f4,0.0004379573434007966,False,
6,f7,7,2.3968074959072756,0.0011873412148313504,f7 =   2*f3,0.002373076728621193,False,
7,f8,8,20.122504741832444,0.0008990705546259039,,,True,
8,f9,9,18.9249546040312,0.0008321420179182623,f9 =   f8 - f3,0.0003329282119182153,False,
9,f10,10,12.821733564739613,0.0007785024269006658,f10 =   f2 + f3,0.0,False,
10,f11,11,0.008305768550173714,0.0006891484094377129,,,True,
11,f12,12,10.42729914556096,0.0006796888867971722,f12 =   f2 - f3,1.7763568394002505e-15,False,
12,f13,13,5.987272586310947,0.0006747960641365232,,,True,
13,f14,14,25.635161360929054,0.0005762278881481029,f14 =   2*f2 + 2*f3 - f11,0.0,False,
14,f15,15,7.185676334264585,0.0005552226471103359,f15 =   f13 + f3,0.0011865383643101524,False,
15,f16,16,0.3844384300366126,0.0005521508595139139,,,True,
16,f17,17,4.787682299992999,0.0004606290255309911,f17 =   4*f3,0.0011865383643101524,False,f17 =   f13 - f3 
17,f18,18,0.02966345910776332,0.00044652350592507456,f18 =   3*f11,0.004746153457242178,False,"f18 =   f16 + f2 - 2*f13 ,f18 =   f16 - 2*f13 + f2 ,f18 =   f2 + f16 - 2*f13 ,f18 =   f2 + f3 - f4 ,f18 =   f2 - f4 + f3 ,f18 =   f2 - 2*f13 + f16 ,f18 =   f3 + f2 - f4 ,f18 =   f3 - f4 + f2 ,f18 =   4*f11 "
18,f19,19,0.5992018739768189,0.0004257592615136394,,,True,
19,f20,20,12.006581708458278,0.0003498352321054725,f20 =   f16 + f2,0.0023730767286203047,False,"f20 =   f4 - 2*f11 - 2*f16 ,f20 =   f4 - 2*f16 - 2*f11 "
20,f21,21,3.597584320589535,0.00034491169085003787,f21 =   f11 + f13 - 2*f3,0.0035596150929317893,False,"f21 =   f11 + 2*f19 + 2*f3 ,f21 =   f11 + 2*f3 + 2*f19 ,f21 =   f11 + 3*f3 ,f21 =   f13 - 2*f3 ,f21 =   2*f19 + f11 + 2*f3 ,f21 =   2*f19 + 2*f3 ,f21 =   2*f19 + 2*f3 + f11 ,f21 =   2*f3 + f11 + 2*f19 ,f21 =   2*f3 + 2*f19 ,f21 =   2*f3 + 2*f19 + f11 ,f21 =   3*f3 + f11 "
21,f22,22,0.0450884578438011,0.00033725381920659484,f22 =   f1 + f19 - f2,6.800116025829084e-16,False,"f22 =   f3 - 3*f16 ,f22 =   2*f19 - 3*f16 "
22,f23,23,26.475228651290188,0.0003371252872550864,,,True,
23,f24,24,24.231486475949694,0.00033646860288698673,f24 =   f16 + f19 + 2*f2,0.001186538364308376,False,
24,f25,25,21.06432878099723,0.0003326768136571319,,,True,
25,f26,26,8.382893543853912,0.0003213779840246074,f26 =   f13 + f3 + 2*f19,0.0,False,"f26 =   f13 + 2*f3 ,f26 =   2*f13 - 2*f19 - 2*f3 ,f26 =   2*f13 - 2*f3 - 2*f19 ,f26 =   2*f13 - 3*f3 ,f26 =   2*f3 + f13 "
26,f27,27,11.026501019537779,0.00031582268021187435,f27 =   f19 + f2 - f3,1.7763568394002505e-15,False,f27 =   f2 - f19 
27,f28,28,23.034078361766547,0.0003015058196530404,f28 =   f1 + 2*f13 - f11,0.0025639813224458408,False,"f28 =   f16 + 2*f2 - f19 ,f28 =   f16 - f19 + 2*f2 ,f28 =   f25 + f3 + 2*f16 ,f28 =   f25 + 2*f16 + f3 ,f28 =   f25 + 2*f16 + 2*f19 ,f28 =   f25 + 2*f19 + 2*f16 ,f28 =   f3 + f25 + 2*f16 ,f28 =   f3 + 2*f16 + f25 ,f28 =   2*f16 + f25 + f3 ,f28 =   2*f16 + f25 + 2*f19 ,f28 =   2*f16 + f3 + f25 ,f28 =   2*f16 + 2*f19 + f25 ,f28 =   2*f19 + f25 + 2*f16 ,f28 =   2*f19 + 2*f16 + f25 ,f28 =   2*f2 + f16 - f19 ,f28 =   2*f2 - f19 + f16 "
28,f29,29,21.155979035656795,0.0002941758766555215,f29 =   2*f1 - f16 - f19,0.001186538364308376,False,
29,f30,30,26.024345944422908,0.0002919645220166624,f30 =   f16 + 2*f2 + 2*f3,0.0035596150929322334,False,"f30 =   2*f19 + 2*f4 - 2*f16 ,f30 =   2*f19 - 2*f16 + 2*f4 ,f30 =   2*f4 + 2*f19 - 2*f16 ,f30 =   2*f4 - 2*f16 + 2*f19 "
30,f31,31,27.221563154012237,0.0002910194259087372,f31 =   3*f1 - f13,0.0023730767286203047,False,
31,f32,32,18.79002153722159,0.00028836582016805663,f32 =   f11 + f13 + f4,0.0007485810209111321,False,"f32 =   2*f25 - f3 - 2*f1 ,f32 =   2*f25 - 2*f1 - f3 ,f32 =   2*f25 - 2*f1 - 2*f19 ,f32 =   2*f25 - 2*f19 - 2*f1 "
32,f33,33,12.802748950910647,0.00028738967832905876,f33 =   f11 + f4,0.0007485810209075794,False,"f33 =   f2 + f3 - 2*f11 ,f33 =   f2 + 2*f19 - 2*f11 ,f33 =   f2 - 2*f11 + f3 ,f33 =   f2 - 2*f11 + 2*f19 ,f33 =   f3 + f2 - 2*f11 ,f33 =   f3 - 2*f11 + f2 ,f33 =   2*f19 + f2 - 2*f11 ,f33 =   2*f19 - 2*f11 + f2 "
33,f34,34,26.31030169022175,0.0002822726498729181,f34 =   f19 + f23 - 2*f16,0.004748025027964786,False,
34,f35,35,25.587699826356634,0.0002824856618501876,f35 =   2*f4,0.00268370040613064,False,"f35 =   f3 + 2*f4 - 2*f19 ,f35 =   f3 - 2*f19 + 2*f4 ,f35 =   2*f19 + 2*f4 - f3 ,f35 =   2*f19 - f3 + 2*f4 ,f35 =   2*f4 + f3 - 2*f19 ,f35 =   2*f4 + 2*f19 - f3 ,f35 =   2*f4 - f3 + 2*f19 ,f35 =   2*f4 - 2*f19 + f3 "
35,f36,36,25.363444075501945,0.0002747283038202218,f36 =   f23 + 2*f1 - 2*f2,0.003557743522204504,False,
36,f37,37,27.30462380215874,0.00026621988004268374,f37 =   f13 + f3 + f8,0.0023707355739794878,False,"f37 =   f13 + f8 + 2*f19 ,f37 =   f13 + 2*f19 + f8 ,f37 =   f8 + f13 + 2*f19 ,f37 =   f8 + 2*f19 + f13 ,f37 =   2*f19 + f13 + f8 ,f37 =   2*f19 + f8 + f13 ,f37 =   2*f23 - 2*f2 - 2*f3 ,f37 =   2*f23 - 2*f3 - 2*f2 "
37,f38,38,1.205522978139501,0.0002543105801351672,f38 =   f11 + f3,0.0,False,"f38 =   f11 + 2*f19 ,f38 =   f11 + 2*f3 - 2*f19 ,f38 =   f11 - 2*f19 + 2*f3 ,f38 =   f16 + f4 - 2*f13 ,f38 =   f16 - 2*f13 + f4 ,f38 =   f4 + f16 - 2*f13 ,f38 =   f4 - 2*f13 + f16 ,f38 =   2*f19 + f11 ,f38 =   2*f3 + f11 - 2*f19 ,f38 =   2*f3 - 2*f19 + f11 "
38,f39,39,24.437944151339728,0.0002497237702516719,f39 =   f2 + f4 + 2*f11,0.001624495707716278,False,"f39 =   f3 + 2*f2 - f11 ,f39 =   f3 - f11 + 2*f2 ,f39 =   2*f19 + 2*f2 - f11 ,f39 =   2*f19 - f11 + 2*f2 ,f39 =   2*f2 + f3 - f11 ,f39 =   2*f2 + 2*f19 - f11 ,f39 =   2*f2 - f11 + f3 ,f39 =   2*f2 - f11 + 2*f19 ,f39 =   2*f4 - 3*f16 "
39,f40,40,25.278013313271586,0.00024733197913006673,f40 =   f23 + 2*f19 - 2*f3,0.0011846667935841992,False,"f40 =   f23 - f3 ,f40 =   f23 - 2*f19 "
40,f41,41,0.06288653330845825,0.00023583300485662017,,,True,
41,f42,42,19.804511838707096,0.0002342585035509453,f42 =   f25 - f3 - f41,0.00028680060765040594,False,"f42 =   f25 - f41 - 2*f19 ,f42 =   f25 - 2*f19 - f41 ,f42 =   f41 + f8 - f16 ,f42 =   f41 + 2*f1 - 2*f3 ,f42 =   f41 - f16 + f8 ,f42 =   f41 - 2*f3 + 2*f1 ,f42 =   f8 + f41 - f16 ,f42 =   f8 - f16 + f41 ,f42 =   2*f1 + f41 - 2*f3 ,f42 =   2*f1 - 2*f3 + f41 "
42,f43,43,1.7976056219304568,0.00023105916466859846,f43 =   3*f19,0.0,False,"f43 =   f19 + f3 ,f43 =   f3 + f19 ,f43 =   2*f2 - f16 - f25 ,f43 =   2*f2 - f25 - f16 ,f43 =   2*f3 - f19 ,f43 =   2*f8 - f23 - 2*f13 ,f43 =   2*f8 - 2*f13 - f23 ,f43 =   3*f3 - 3*f19 "
43,f44,44,11.947391867804928,0.00023055163647601754,f44 =   f16 + f2 - f41,0.0013236159264877756,False,f44 =   2*f13 - 3*f11 
44,f45,45,11.947254790242752,0.0004608461773612059,f45 =   f16 + f2 - f41,0.0011865383643119287,False,f45 =   2*f13 - 3*f11 
45,f46,46,12.868008560947725,0.00022875089018063282,f46 =   f1 + f19 + f3,0.0011865383643101524,False,"f46 =   f1 + 2*f3 - f19 ,f46 =   f1 + 3*f19 ,f46 =   f1 - f19 + 2*f3 ,f46 =   f11 + f4 + f41 ,f46 =   f11 + f41 + f4 ,f46 =   f4 + f11 + f41 ,f46 =   f4 + f41 + f11 ,f46 =   f41 + f11 + f4 ,f46 =   f41 + f4 + f11 ,f46 =   2*f13 + 2*f16 + 2*f41 ,f46 =   2*f13 + 2*f41 + 2*f16 ,f46 =   2*f16 + 2*f13 + 2*f41 ,f46 =   2*f16 + 2*f41 + 2*f13 ,f46 =   2*f3 + f1 - f19 ,f46 =   2*f3 - f19 + f1 ,f46 =   2*f41 + 2*f13 + 2*f16 ,f46 =   2*f41 + 2*f16 + 2*f13 ,f46 =   3*f19 + f1 "
46,f47,47,30.10485137928683,0.0002264362068491599,f47 =   2*f16 + 2*f25 - f4,0.0025087206005274254,False,
47,f48,48,12.788510490538918,0.00020859724024985032,f48 =   f3 + 2*f13 - f16,0.001186538364308376,False,"f48 =   f4 - f11 ,f48 =   2*f13 + 2*f19 - f16 ,f48 =   2*f13 - f16 + 2*f19 ,f48 =   2*f19 + 2*f13 - f16 ,f48 =   2*f19 - f16 + 2*f13 "
48,f49,49,1.1889114410391535,0.00020711896827743973,f49 =   f3 - f11,0.0,False,"f49 =   f4 + 2*f11 - f2 ,f49 =   f4 - f2 + 2*f11 ,f49 =   2*f11 + f4 - f2 ,f49 =   2*f11 - f2 + f4 ,f49 =   2*f19 - f11 ,f49 =   2*f3 - f11 - 2*f19 ,f49 =   2*f3 - 2*f19 - f11 "
49,f50,50,26.933234331484776,0.00020722410639561144,f50 =   f13 + 2*f1 - f3,0.002373076728616752,False,"f50 =   f13 + 2*f1 - 2*f19 ,f50 =   f13 - 2*f19 + 2*f1 ,f50 =   f4 + f8 - f13 ,f50 =   f4 - f13 + f8 ,f50 =   f8 + f4 - f13 ,f50 =   f8 - f13 + f4 ,f50 =   2*f1 + f13 - 2*f19 ,f50 =   2*f1 - 2*f19 + f13 "
50,f51,51,26.107403629924647,0.00019965600622767098,f51 =   f13 + f8,0.0023736982187436695,False,"f51 =   f23 + 2*f11 - f16 ,f51 =   f23 - f16 + 2*f11 ,f51 =   2*f11 + f23 - f16 ,f51 =   2*f11 - f16 + f23 "
51,f52,52,29.678884106499353,0.00019440670647436612,,,True,
52,f53,53,25.796530578475288,0.0001900320579286417,,,True,
53,f54,54,12.494248976189908,0.0001893015629817984,f54 =   2*f52 - f25 - f53,0.002659877336281369,False,
54,f55,55,24.596940292157342,0.00017953032338032386,f55 =   f13 + f52 - f1,0.001186538364308376,False,"f55 =   f41 + 2*f1 + 2*f3 ,f55 =   f41 + 2*f3 + 2*f1 ,f55 =   f53 + 2*f19 - 2*f3 ,f55 =   f53 - f3 ,f55 =   f53 - 2*f19 ,f55 =   f53 - 2*f3 + 2*f19 ,f55 =   2*f1 + f41 + 2*f3 ,f55 =   2*f1 + 2*f3 + f41 ,f55 =   2*f19 + f53 - 2*f3 ,f55 =   2*f19 - 2*f3 + f53 ,f55 =   2*f3 + f41 + 2*f1 ,f55 =   2*f3 + 2*f1 + f41 "
55,f56,56,23.966888420708447,0.00017963989788676225,f56 =   2*f16 + 2*f4 - 2*f3,0.002062453051113522,False,
56,f57,57,12.019633630465695,0.00017902525224945177,f57 =   f11 + f16 + f2,0.002373076728622081,False,"f57 =   f3 + 2*f23 - 2*f25 ,f57 =   f3 - 2*f25 + 2*f23 ,f57 =   f4 - f11 - 2*f16 ,f57 =   f4 - 2*f16 - f11 ,f57 =   f41 + 2*f13 - 2*f11 ,f57 =   f41 - 2*f11 + 2*f13 ,f57 =   2*f13 + f41 - 2*f11 ,f57 =   2*f13 - 2*f11 + f41 ,f57 =   2*f19 + 2*f23 - 2*f25 ,f57 =   2*f19 - 2*f25 + 2*f23 ,f57 =   2*f23 + f3 - 2*f25 ,f57 =   2*f23 + 2*f19 - 2*f25 ,f57 =   2*f23 - 2*f25 + f3 ,f57 =   2*f23 - 2*f25 + 2*f19 "
57,f58,58,26.366068993344342,0.00017613209988048573,f58 =   f11 + 2*f16 + 2*f4,0.0014971620418222642,False,"f58 =   f23 + 2*f11 - 2*f41 ,f58 =   f23 - 2*f41 + 2*f11 ,f58 =   2*f11 + f23 - 2*f41 ,f58 =   2*f11 - 2*f41 + f23 "
58,f59,59,11.895047102213088,0.00016708633321739722,f59 =   f1 + f4 - 2*f13,0.003997572436329477,False,"f59 =   2*f13 - f41 - 2*f11 ,f59 =   2*f13 - 2*f11 - f41 "
59,f60,60,30.090612918915102,0.00016671131088174436,f60 =   f16 + 2*f23 - 2*f2,0.004749896598688963,False,"f60 =   2*f25 - f41 - 2*f13 ,f60 =   2*f25 - 2*f13 - f41 "
60,f61,61,11.598412511135455,0.00016513484247694416,f61 =   f11 + 2*f13 - f16,0.0,False,"f61 =   f2 - 3*f11 ,f61 =   f4 + 2*f19 - 2*f3 ,f61 =   f4 - f3 ,f61 =   f4 - 2*f19 ,f61 =   f4 - 2*f3 + 2*f19 ,f61 =   2*f19 + f4 - 2*f3 ,f61 =   2*f19 - 2*f3 + f4 ,f61 =   3*f25 - 2*f53 "
61,f62,62,31.75413970567847,0.00015202555269729453,f62 =   f1 + f25 - f16,0.0038464157005826394,False,"f62 =   f11 + f2 + f8 ,f62 =   f11 + f8 + f2 ,f62 =   f2 + f11 + f8 ,f62 =   f2 + f8 + f11 ,f62 =   f8 + f11 + f2 ,f62 =   f8 + f2 + f11 "
62,f63,63,12.267620148606596,0.00015084647991660713,f63 =   f1 + f3,0.0,False,"f63 =   f1 + 2*f19 ,f63 =   f1 + 2*f3 - 2*f19 ,f63 =   f1 - 2*f19 + 2*f3 ,f63 =   f2 + 2*f16 - 2*f41 ,f63 =   f2 - 2*f41 + 2*f16 ,f63 =   2*f16 + f2 - 2*f41 ,f63 =   2*f16 - 2*f41 + f2 ,f63 =   2*f19 + f1 ,f63 =   2*f3 + f1 - 2*f19 ,f63 =   2*f3 - 2*f19 + f1 "
63,f64,64,30.555735957724835,0.0001508153158324068,,,True,
64,f65,65,18.60848116748208,0.00014900027185365267,f65 =   f25 - f41 - 2*f3,0.0014733389719623347,False,"f65 =   f52 - f1 ,f65 =   f53 - f13 - f3 ,f65 =   f53 - f13 - 2*f19 ,f65 =   f53 - f3 - f13 ,f65 =   f53 - 2*f19 - f13 "
65,f66,66,14.371229972953774,0.00014726505971052916,f66 =   f19 + 2*f8 - f23,0.0022472666022572696,False,"f66 =   f23 - 2*f13 - 2*f41 ,f66 =   f23 - 2*f41 - 2*f13 ,f66 =   f3 + 2*f13 + 2*f19 ,f66 =   f3 + 2*f19 + 2*f13 ,f66 =   2*f1 + 2*f53 - 2*f52 ,f66 =   2*f1 - 2*f52 + 2*f53 ,f66 =   2*f13 + f3 + 2*f19 ,f66 =   2*f13 + 2*f19 + f3 ,f66 =   2*f13 + 2*f3 ,f66 =   2*f19 + f3 + 2*f13 ,f66 =   2*f19 + 2*f13 + f3 ,f66 =   2*f3 + 2*f13 ,f66 =   2*f53 + 2*f1 - 2*f52 ,f66 =   2*f53 - 2*f52 + 2*f1 ,f66 =   3*f13 - 3*f3 "
66,f67,67,2.4060290310242287,0.0001441926662283245,f67 =   f11 + f3 + 2*f19,0.002102304931089982,False,"f67 =   f11 + 2*f3 ,f67 =   f16 + 2*f1 - f8 ,f67 =   f16 - f8 + 2*f1 ,f67 =   f41 + 2*f4 - 2*f2 ,f67 =   f41 - 2*f2 + 2*f4 ,f67 =   2*f1 + f16 - f8 ,f67 =   2*f1 - f8 + f16 ,f67 =   2*f3 + f11 ,f67 =   2*f4 + f41 - 2*f2 ,f67 =   2*f4 - 2*f2 + f41 "
67,f68,68,2.40629980282176,0.0002878220095615067,f68 =   f11 + f3 + 2*f19,0.002373076728621193,False,"f68 =   f11 + 2*f3 ,f68 =   f16 + 2*f1 - f8 ,f68 =   f16 - f8 + 2*f1 ,f68 =   f41 + 2*f4 - 2*f2 ,f68 =   f41 - 2*f2 + 2*f4 ,f68 =   2*f1 + f16 - f8 ,f68 =   2*f1 - f8 + f16 ,f68 =   2*f11 + 2*f3 ,f68 =   2*f3 + f11 ,f68 =   2*f3 + 2*f11 ,f68 =   2*f4 + f41 - 2*f2 ,f68 =   2*f4 - 2*f2 + f41 "
68,f69,69,11.87487595001981,0.00014242801314633664,f69 =   f19 + 2*f2 - 2*f13,0.0011865383643119287,False,
69,f70,70,31.30088205051185,0.00013731005931705298,f70 =   f52 + 2*f3 - 2*f16,0.0035596150929322334,False,"f70 =   2*f16 + 2*f53 - f25 ,f70 =   2*f16 - f25 + 2*f53 ,f70 =   2*f53 + 2*f16 - f25 ,f70 =   2*f53 - f25 + 2*f16 ,f70 =   3*f64 - 3*f8 "
70,f71,71,11.973358634257583,0.00013566406604486808,f71 =   2*f13,0.0011865383643119287,False,"f71 =   f3 + 2*f13 - 2*f19 ,f71 =   f3 - 2*f19 + 2*f13 ,f71 =   2*f13 + f3 - 2*f19 ,f71 =   2*f13 + 2*f19 - f3 ,f71 =   2*f13 - f3 + 2*f19 ,f71 =   2*f13 - 2*f19 + f3 ,f71 =   2*f19 + 2*f13 - f3 ,f71 =   2*f19 - f3 + 2*f13 "
71,f72,72,13.172948920575532,0.00013380123181825666,f72 =   f16 + f4 - f11,0.001624495707710949,False,"f72 =   f3 + 2*f13 ,f72 =   2*f13 + f3 ,f72 =   2*f13 + 2*f19 ,f72 =   2*f13 + 2*f3 - 2*f19 ,f72 =   2*f13 - 2*f19 + 2*f3 ,f72 =   2*f19 + 2*f13 ,f72 =   2*f3 + 2*f13 - 2*f19 ,f72 =   2*f3 - 2*f19 + 2*f13 ,f72 =   2*f64 - f53 - 2*f1 ,f72 =   2*f64 - 2*f1 - f53 ,f72 =   2*f8 - f19 - f23 ,f72 =   2*f8 - f23 - f19 "
72,f73,73,26.833565108882695,0.00013320167146205986,,,True,
73,f74,74,2.3873151889927913,0.00012980320202674958,f74 =   f3 + 2*f19 - f11,0.0,False,"f74 =   f73 - f3 - 2*f2 ,f74 =   f73 - 2*f19 - 2*f2 ,f74 =   f73 - 2*f2 - f3 ,f74 =   f73 - 2*f2 - 2*f19 ,f74 =   2*f2 + 2*f8 - 2*f64 ,f74 =   2*f2 - 2*f64 + 2*f8 ,f74 =   2*f3 - f11 ,f74 =   2*f8 + 2*f2 - 2*f64 ,f74 =   2*f8 - 2*f64 + 2*f2 "
74,f75,75,27.330724683528807,0.00012866909419351622,f75 =   f64 + 2*f2 - f23,0.0011846667935913047,False,
75,f76,76,25.330221001301247,0.0001280867046112965,f76 =   2*f4 + 2*f41 - f16,0.0014971620418187115,False,
76,f77,77,29.078786089690226,0.00012744383041795584,f77 =   f19 + f52 - f3,0.00208268119662236,False,"f77 =   f52 - f19 ,f77 =   2*f53 - f8 - 2*f3 ,f77 =   2*f53 - 2*f3 - f8 "
77,f78,78,3.5818314003482454,0.00012573555692926516,f78 =   f13 - f11 - 2*f3,0.002700998233873708,False,"f78 =   f73 - 2*f2 ,f78 =   f8 + 2*f4 - 2*f25 ,f78 =   f8 - 2*f25 + 2*f4 ,f78 =   2*f19 + 2*f3 - f11 ,f78 =   2*f19 - f11 + 2*f3 ,f78 =   2*f3 + 2*f19 - f11 ,f78 =   2*f3 - f11 + 2*f19 ,f78 =   2*f4 + f8 - 2*f25 ,f78 =   2*f4 - 2*f25 + f8 ,f78 =   2*f8 - f1 - 2*f4 ,f78 =   2*f8 - 2*f4 - f1 ,f78 =   3*f3 - f11 "
78,f79,79,33.85129879927753,0.0001245793883074558,f79 =   f25 + f4 - f11,8.402344909086423e-05,False,
79,f80,80,33.85098078743907,0.0002494614560887863,f80 =   f25 + f4 - f11,0.00023398838936827815,False,
80,f81,81,0.347655740742986,0.00012497954703967205,f81 =   f4 + f52 - 2*f25,0.002237432856709076,False,"f81 =   f73 - f11 - f23 ,f81 =   f73 - f23 - f11 ,f81 =   2*f13 - f2 "
81,f82,82,11.295845228236269,0.00012130154442640272,f82 =   f53 + 2*f13 - f23,1.8715707295058337e-06,False,"f82 =   2*f11 + 2*f2 - 2*f13 ,f82 =   2*f11 - 2*f13 + 2*f2 ,f82 =   2*f2 + 2*f11 - 2*f13 ,f82 =   2*f2 - 2*f13 + 2*f11 ,f82 =   2*f23 - f52 - 2*f13 ,f82 =   2*f23 - 2*f13 - f52 "
82,f83,83,29.652780262484516,0.00012088676646243097,f83 =   f1 + f64 - 2*f13,0.0011865383643048233,False,"f83 =   f52 - 3*f11 ,f83 =   2*f2 + 2*f52 - 2*f23 ,f83 =   2*f2 - 2*f23 + 2*f52 ,f83 =   2*f52 + 2*f2 - 2*f23 ,f83 =   2*f52 - 2*f23 + 2*f2 ,f83 =   2*f73 - 2*f16 - 2*f2 ,f83 =   2*f73 - 2*f2 - 2*f16 "
83,f84,84,23.55278653156407,0.00012104120991775449,,,True,
84,f85,85,5.389260633821419,0.0001205343327029151,f85 =   f13 + f19 - f3,3.383122979983e-06,False,"f85 =   f13 - f19 ,f85 =   f73 - f16 - f25 ,f85 =   f73 - f25 - f16 ,f85 =   3*f19 + 3*f3 ,f85 =   3*f3 + 3*f19 "
85,f86,86,22.480155850227348,0.00012006846937665674,f86 =   f25 + f84 - 2*f1,0.003846415700589745,False,"f86 =   f4 + 2*f8 - f64 ,f86 =   f4 - f64 + 2*f8 ,f86 =   f84 + 2*f41 - f3 ,f86 =   f84 + 2*f41 - 2*f19 ,f86 =   f84 - f3 + 2*f41 ,f86 =   f84 - 2*f19 + 2*f41 ,f86 =   2*f2 - 2*f16 ,f86 =   2*f41 + f84 - f3 ,f86 =   2*f41 + f84 - 2*f19 ,f86 =   2*f41 - f3 + f84 ,f86 =   2*f41 - 2*f19 + f84 ,f86 =   2*f8 + f4 - f64 ,f86 =   2*f8 - f64 + f4 "
86,f87,87,25.164105630297772,0.00011888336072587172,f87 =   f13 + 2*f8 - f25,0.0038476586808364743,False,"f87 =   f19 + f64 - f13 ,f87 =   f19 - f13 + f64 ,f87 =   f64 + f19 - f13 ,f87 =   f64 - f13 + f19 ,f87 =   2*f16 + 2*f4 - f3 ,f87 =   2*f16 + 2*f4 - 2*f19 ,f87 =   2*f16 - f3 + 2*f4 ,f87 =   2*f16 - 2*f19 + 2*f4 ,f87 =   2*f4 + 2*f16 - f3 ,f87 =   2*f4 + 2*f16 - 2*f19 ,f87 =   2*f4 - f3 + 2*f16 ,f87 =   2*f4 - 2*f19 + 2*f16 "
87,f88,88,18.708150390084164,0.00011849824838947509,f88 =   f19 + 2*f8 - 2*f1,0.004744910476997433,False,"f88 =   f23 + 2*f53 - 2*f52 ,f88 =   f23 - 2*f52 + 2*f53 ,f88 =   f64 + 2*f41 - 2*f13 ,f88 =   f64 - 2*f13 + 2*f41 ,f88 =   f8 + 2*f1 - f84 ,f88 =   f8 - f84 + 2*f1 ,f88 =   2*f1 + f8 - f84 ,f88 =   2*f1 - f84 + f8 ,f88 =   2*f41 + f64 - 2*f13 ,f88 =   2*f41 - 2*f13 + f64 ,f88 =   2*f53 + f23 - 2*f52 ,f88 =   2*f53 - 2*f52 + f23 "
88,f89,89,10.80817796050464,0.00011745902790297392,f89 =   f1 + 2*f41 - f16,0.00355961509293401,False,"f89 =   f16 + f2 - f3 ,f89 =   f16 + f2 - 2*f19 ,f89 =   f16 - f3 + f2 ,f89 =   f16 - 2*f19 + f2 ,f89 =   f2 + f16 - f3 ,f89 =   f2 + f16 - 2*f19 ,f89 =   f2 + 2*f13 - f4 ,f89 =   f2 - f3 + f16 ,f89 =   f2 - f4 + 2*f13 ,f89 =   f2 - 2*f19 + f16 ,f89 =   f64 + 2*f3 - 2*f1 ,f89 =   f64 - 2*f1 + 2*f3 ,f89 =   f84 - 2*f13 - 2*f16 ,f89 =   f84 - 2*f16 - 2*f13 ,f89 =   2*f13 + f2 - f4 ,f89 =   2*f13 - f4 + f2 ,f89 =   2*f23 - 2*f11 - 2*f25 ,f89 =   2*f23 - 2*f25 - 2*f11 ,f89 =   2*f25 - f64 - 2*f16 ,f89 =   2*f25 - 2*f16 - f64 ,f89 =   2*f3 + f64 - 2*f1 ,f89 =   2*f3 - 2*f1 + f64 "
89,f90,90,13.463650819831614,0.00011576780796449611,f90 =   f1 + f3 + 2*f19,0.0023730767286203047,False,"f90 =   f1 + 2*f3 ,f90 =   2*f3 + f1 "
90,f91,91,10.995651022065704,0.00011409097547358282,f91 =   f1 - f11 - f41,0.00355961509293401,False,"f91 =   f1 - f41 - 2*f11 ,f91 =   f1 - 2*f11 - f41 ,f91 =   f19 + f4 - 2*f3 ,f91 =   f19 - 2*f3 + f4 ,f91 =   f4 + f19 - 2*f3 ,f91 =   f4 - f19 - f3 ,f91 =   f4 - f3 - f19 ,f91 =   f4 - 2*f3 + f19 ,f91 =   f4 - 3*f19 ,f91 =   2*f13 - f16 - f19 ,f91 =   2*f13 - f19 - f16 ,f91 =   2*f2 + 2*f84 - 2*f52 ,f91 =   2*f2 - 2*f52 + 2*f84 ,f91 =   2*f84 + 2*f2 - 2*f52 ,f91 =   2*f84 - 2*f52 + 2*f2 "
91,f92,92,18.755611924656588,0.00011322635650006313,f92 =   f8 - f19 - 2*f16,0.001185916874188564,False,"f92 =   2*f25 - 2*f2 - 2*f41 ,f92 =   2*f25 - 2*f41 - 2*f2 "
92,f93,93,1.2162018234182959,0.00011300862555290775,f93 =   f3 + 2*f11,0.002373076728621193,False,"f93 =   f4 + 2*f13 - f84 ,f93 =   f4 - f84 + 2*f13 ,f93 =   f41 + 3*f16 ,f93 =   2*f11 + 2*f19 ,f93 =   2*f11 + 2*f3 - 2*f19 ,f93 =   2*f11 - 2*f19 + 2*f3 ,f93 =   2*f13 + f4 - f84 ,f93 =   2*f13 - f84 + f4 ,f93 =   2*f19 + 2*f11 ,f93 =   2*f3 + 2*f11 - 2*f19 ,f93 =   2*f3 - 2*f19 + 2*f11 ,f93 =   3*f16 + f41 "
93,f94,94,26.0528946316389,0.00011249733872426296,f94 =   f11 + 2*f84 - f25,0.003344580957815424,False,"f94 =   f16 + f53 - 2*f41 ,f94 =   f16 - 2*f41 + f53 ,f94 =   f53 + f16 - 2*f41 ,f94 =   f53 - 2*f41 + f16 ,f94 =   f73 - f11 - 2*f16 ,f94 =   f73 - 2*f11 - 2*f16 ,f94 =   f73 - 2*f16 - f11 ,f94 =   f73 - 2*f16 - 2*f11 ,f94 =   2*f11 + 2*f84 - f25 ,f94 =   2*f11 - f25 + 2*f84 ,f94 =   2*f23 - f41 - f73 ,f94 =   2*f23 - f73 - f41 ,f94 =   2*f84 + 2*f11 - f25 ,f94 =   2*f84 - f25 + 2*f11 "
94,f95,95,9.58248383017186,0.00011244638553871364,f95 =   f13 + 2*f19 + 2*f3,0.0023730767286203047,False,"f95 =   f13 + 3*f3 ,f95 =   f2 + f84 - 2*f4 ,f95 =   f2 - 2*f4 + f84 ,f95 =   f41 + 2*f64 - 2*f53 ,f95 =   f41 - 2*f53 + 2*f64 ,f95 =   f84 + f2 - 2*f4 ,f95 =   f84 - 2*f4 + f2 ,f95 =   2*f13 - f3 - 2*f19 ,f95 =   2*f13 - 2*f19 - f3 ,f95 =   2*f13 - 2*f3 ,f95 =   2*f23 - f8 - 2*f2 ,f95 =   2*f23 - 2*f2 - f8 ,f95 =   2*f64 + f41 - 2*f53 ,f95 =   2*f64 - 2*f53 + f41 ,f95 =   3*f3 + f13 "
